{
  "coefs": [
    -2.5322728608171543,
    3.9240341930315426,
    0.2844115411741876,
    1.0170139659740363,
    14.4979610909097
  ],
  "feature_names": [
    "intercept",
    "sy_lit",
    "tau_log",
    "ET_over_P",
    "obs_sigma"
  ],
  "r2_train": 0.6085192414612788,
  "r2_cv": 0.6084889469343957,
  "rmse_cv": 0.1647698104233728,
  "n_train": 273647,
  "bias_mean_before": -0.35685577577682664,
  "bias_mean_after": 0.01324748766754466,
  "rmse_before_mm": 285.798875810282,
  "rmse_after_mm": 153.85042426011563,
  "truth_model": "cascade"
}