{
  "scenario": "S3",
  "truth_model": "alpha",
  "coverage_50": 0.0,
  "coverage_90": 0.0,
  "coverage_95": 0.0,
  "pit_mean": 0.0,
  "pit_var": 0.0,
  "pit_ks_pvalue": 0.0,
  "crps_mean": 37.69882310245148,
  "well_calibrated": false,
  "n_truths": 50,
  "pit_values": [
    0.0,
    0.0,
    0.0,
    0.0,
    0.0,
    0.0,
    0.0,
    0.0,
    0.0,
    0.0,
    0.0,
    0.0,
    0.0,
    0.0,
    0.0,
    0.0,
    0.0,
    0.0,
    0.0,
    0.0,
    0.0,
    0.0,
    0.0,
    0.0,
    0.0,
    0.0,
    0.0,
    0.0,
    0.0,
    0.0,
    0.0,
    0.0,
    0.0,
    0.0,
    0.0,
    0.0,
    0.0,
    0.0,
    0.0,
    0.0,
    0.0,
    0.0,
    0.0,
    0.0,
    0.0,
    0.0,
    0.0,
    0.0,
    0.0,
    0.0
  ],
  "truths": [
    16.860860920931525,
    20.111523133516364,
    17.3370248159957,
    18.68687575893171,
    18.585676006029917,
    17.76543316574199,
    17.288067023803404,
    19.530049590366495,
    20.247420181174718,
    17.682625121945364,
    16.66107579932564,
    14.927069601091809,
    18.26845867198522,
    18.181970728159154,
    16.22455166010824,
    22.1749888384597,
    18.031851044701888,
    16.69167682692656,
    16.06811053745639,
    20.05077758790915,
    18.725245521265077,
    17.031651904842757,
    18.32268628828155,
    19.760291633702817,
    17.955616705549875,
    18.162958676587305,
    18.04416439159008,
    17.51277804563988,
    14.755839372191346,
    19.19342711585586,
    20.200714099920532,
    17.340581246806998,
    15.15033866486154,
    17.317646540580693,
    18.08101883923578,
    16.88858814696767,
    17.221675061046877,
    19.04672704543007,
    17.111282206658462,
    17.717244647569967,
    19.140053178406447,
    19.17043911899833,
    18.358166868854337,
    17.77312553807957,
    16.847527940303415,
    17.82761489174362,
    17.710575826310254,
    21.05193220868904,
    19.103885217125516,
    18.206118238713522
  ]
}