sn,soil,cascade_mm_yr,richards_mm_yr,cascade_pct,richards_pct,RMSE_mm_day,bias_pct,r
2,2. Loamy Sand,416.69170259924454,0.21336007563823287,32.41576184554614,0.016597953249595634,3.0772548597748277,41647.83425236063,-0.0346301341638765
3,3. Sandy Loam,600.3007940361017,2.025785549613925,46.69929219560562,0.15759224749812153,3.1560297128964945,29532.98825734576,-0.052942376613774544
4,4. Silt Loam,411.02487506300326,173.91400912231768,31.974921457583704,13.529319317248653,2.2421789090877855,136.33799090556306,-0.28114228971046984
6,6. Clay,110.58722356492939,26.293346494420817,8.60292892774155,2.0454423564687416,0.5977602663625728,320.5901427891459,-0.24244506852775158
12,12. Loam,473.44505899139705,129.39132322163135,36.830784446830734,10.065759150636111,2.569608340206927,265.90170592849114,-0.23137048465768992
